"";"ResponseID";"ResponseSet";"Name";"ExternalDataReference";"EmailAddress";"IPAddress";"Status";"StartDate";"EndDate";"Finished";"mTurkCode";"Guiltless.Asian.Glazed.Chicken.Thighs";"Chicken.Breasts.with.Goat.Cheese.and.Pine.Nuts";"Healthy.Chicken.with.Honey.Barbecue.Sauce";"Low.Cal.Chicken.Tostadas";"Chicken.Strips.with.Blue.Cheese";"Chicken.Breast.Cilantro.Lime.Chicken.with.Avocado.Salsa";"Chicken.Cutlets.with.Avocado.Salsa";"Healthy.Cajun.Chicken";"Lite.Beef.and.Bean.Chili.Tacos";"Chicken..Sausage..and.Pesto.Pizza";"Guiltless.Chicken.Strips.with.Blue.Cheese";"Chicken.Sate.with.Peanut.Sauce";"Low.Cal.Asian.Glazed.Chicken.Thighs";"Lite.Chicken.with.Honey.Barbecue.Sauce";"Guiltless.Chicken.Breast.Cilantro.Lime.Chicken.with..Salsa";"Chicken.with.Mango.Salsa";"Chicken.with.Quinoa";"Chicken.Sate.with.Veggies";"Healthy.Chicken.with.Salsa";"Low.Cal.Beef.and.Bean.Chili.Tacos";"Chicken.Cutlets.with.Vegetables";"Cajun.Chicken";"Lite.Chicken..Red.Grape..and.Pesto.Pizza";"Chicken.Tostadas";"gender";"age";"ethnicity";"work.when.not.encouraged";"resentful";"given.up";"rebel";"good.listener";"took.advantage";"admit.mistake";"get.even";"courteous";"ideas.different.from.own";"jealous.of.others";"irritated.by.favors";"hurt.someones.feelings";"weight";"height";"household.size";"annual.income";"exercise";"LocationLatitude";"LocationLongitude";"LocationAccuracy";"bmi"
"1";"R_1rxG3fhpIcZBHpz";"Default Response Set";"Anonymous";NA;NA;"98.194.76.227";0;"8/2/2015 20:20";"8/2/2015 20:23";1;84701060;21;21;22;23;23;23;23;23;22;21;23;22;NA;NA;NA;NA;NA;NA;NA;NA;NA;NA;NA;NA;"Male";54;"White";0;1;1;1;1;1;1;0;1;0;1;1;0;165;70;"1";32000;"Several Times a week";29,03219604;-95,46990204;-1;24,2448979591837
"2";"R_3q9xsiS3jD8yxgM";"Default Response Set";"Anonymous";NA;NA;"72.178.227.59";0;"8/2/2015 20:20";"8/2/2015 20:23";1;30416134;17;17;23;23;17;23;22;18;23;19;17;17;NA;NA;NA;NA;NA;NA;NA;NA;NA;NA;NA;NA;"Female";65;"White";0;1;1;0;1;0;1;0;0;0;1;0;1;160;63;"2-3";15000;"Less often than once a month";30,05659485;-93,87539673;-1;29,0249433106576
"3";"R_x5CQgyJoKAzvAuR";"Default Response Set";"Anonymous";NA;NA;"72.201.237.221";0;"8/2/2015 20:21";"8/2/2015 20:23";1;81607808;22;18;22;22;18;18;18;18;21;21;18;21;NA;NA;NA;NA;NA;NA;NA;NA;NA;NA;NA;NA;"Female";57;"White";0;1;1;0;1;1;0;1;1;0;1;1;0;158;66;"2-3";18000;"Less often than once a month";33,39720154;-111,7857971;-1;26,1157024793388
"4";"R_1ooO6B0mcqbW7h6";"Default Response Set";"Anonymous";NA;NA;"99.135.147.178";0;"8/2/2015 20:22";"8/2/2015 20:24";1;90644467;21;19;22;18;21;19;NA;NA;NA;NA;NA;NA;NA;NA;NA;NA;NA;NA;19;18;22;21;19;19;"Male";32;"White";1;1;1;1;0;1;1;1;0;0;1;1;0;135;70;"1";32000;"Never";41,8032074;-88,13410187;-1;19,8367346938776
"5";"R_1P5VJKmeGyCMFZj";"Default Response Set";"Anonymous";NA;NA;"108.48.81.227";0;"8/2/2015 20:23";"8/2/2015 20:24";1;16565724;NA;NA;NA;NA;NA;NA;20;23;22;23;21;22;22;22;23;21;22;22;NA;NA;NA;NA;NA;NA;"Male";25;"White";1;1;1;0;0;1;0;0;1;1;1;1;1;190;67;"1";45000;"Once or twice a month";38,89930725;-77,19159698;-1;30,4744932056137
"6";"R_6F1Y2Ks4bOpGj0R";"Default Response Set";"Anonymous";NA;NA;"69.140.118.143";0;"8/2/2015 20:23";"8/2/2015 20:25";1;30111642;NA;NA;NA;NA;NA;NA;20;NA;20;21;20;22;22;21;21;21;20;21;NA;NA;NA;NA;NA;NA;"Male";41;"Asian/Pacific Islander";0;0;0;0;1;0;1;0;1;1;0;0;1;152;65;"2-3";123000;"Once or twice a week";39,17520142;-77,17700195;-1;25,9029585798817
"7";"R_1N3cE8SGAMJs4vA";"Default Response Set";"Anonymous";NA;NA;"71.13.60.106";0;"8/2/2015 20:23";"8/2/2015 20:25";1;16534992;17;17;22;17;17;17;NA;NA;NA;NA;NA;NA;NA;NA;NA;NA;NA;NA;17;17;17;17;17;21;"Female";45;"White";0;0;0;0;1;0;1;0;NA;1;0;0;1;170;62;"2-3";50000;"Once or twice a week";43,61470032;-84,79270172;-1;31,8418314255983
"8";"R_2aJE6fq1467b8ew";"Default Response Set";"Anonymous";NA;NA;"24.255.7.230";0;"8/2/2015 20:23";"8/2/2015 20:25";1;14137242;NA;NA;NA;NA;NA;NA;21;19;21;21;19;20;18;21;21;21;18;20;NA;NA;NA;NA;NA;NA;"Male";24;"White";1;1;1;1;1;1;1;1;0;0;1;1;0;170;72;"1";19000;"Once or twice a week";33,40010071;-111,9290009;-1;23,6111111111111
"9";"R_300H5hxepTlzcDO";"Default Response Set";"Anonymous";NA;NA;"68.64.114.29";0;"8/2/2015 20:25";"8/2/2015 20:26";1;72529040;NA;NA;NA;NA;NA;NA;17;17;17;18;17;17;NA;NA;NA;NA;NA;NA;17;17;17;18;17;18;"Male";25;"White";0;1;1;0;1;1;1;0;1;0;1;1;0;180;65;"2-3";20000;"Never";37,33540344;-82,95659637;-1;30,6745562130178
"10";"R_2ZTvVXKo3U5PFhG";"Default Response Set";"Anonymous";NA;NA;"24.120.206.150";0;"8/2/2015 20:24";"8/2/2015 20:26";1;7540586;NA;NA;NA;NA;NA;NA;21;22;22;22;19;23;NA;NA;NA;NA;NA;NA;22;22;22;22;18;22;"Male";41;"Asian/Pacific Islander";0;0;0;0;0;1;1;1;0;0;1;0;0;135;66;"1";53000;"Several Times a week";36,17500305;-115,1371994;-1;22,3140495867769
"11";"R_cuzopLS73zTIUqB";"Default Response Set";"Anonymous";NA;NA;"96.246.251.121";0;"8/2/2015 20:25";"8/2/2015 20:27";1;23640590;18;20;19;18;21;21;NA;NA;NA;NA;NA;NA;NA;NA;NA;NA;NA;NA;20;NA;21;20;18;18;"Female";43;"Hispanic or Latino";0;0;0;0;1;0;1;0;0;0;0;0;1;115;60;"2-3";NA;"Once or twice a month";40,76220703;-73,91210175;-1;23
"12";"R_3J1O0WUdZTGuPIC";"Default Response Set";"Anonymous";NA;NA;"107.137.248.67";0;"8/2/2015 20:26";"8/2/2015 20:27";1;55754576;20;21;21;19;18;21;NA;NA;NA;NA;NA;NA;20;20;20;20;20;20;NA;NA;NA;NA;NA;NA;"Female";26;"Asian/Pacific Islander";1;1;1;1;0;1;1;1;0;0;1;1;0;113;60;"1";36000;"Several Times a week";34,06159973;-118,0818024;-1;22,6
"13";"R_vTCGpRjeQJiApDb";"Default Response Set";"Anonymous";NA;NA;"75.64.82.214";0;"8/2/2015 20:22";"8/2/2015 20:28";1;722643;NA;NA;NA;NA;NA;NA;22;NA;22;17;22;21;19;22;17;NA;22;22;NA;NA;NA;NA;NA;NA;"Female";63;"White";NA;1;1;0;0;0;1;0;1;0;1;0;0;250;62;"2-3";NA;"Less often than once a month";32,52059937;-92,1065979;-1;46,8262226847034
"14";"R_2Vgxn1UYrJ5SEyP";"Default Response Set";"Anonymous";NA;NA;"75.161.148.119";0;"8/2/2015 20:27";"8/2/2015 20:28";1;78320439;NA;NA;NA;NA;NA;NA;NA;NA;NA;NA;NA;NA;22;21;21;22;21;22;22;21;21;22;19;22;"Male";27;"White";0;1;0;0;1;0;1;1;1;0;1;0;0;198;72;"1";48000;"Several Times a week";44,97290039;-93,28730011;-1;27,5
"15";"R_8jf6jmOCo9kznfX";"Default Response Set";"Anonymous";NA;NA;"99.127.218.186";0;"8/2/2015 20:26";"8/2/2015 20:29";1;63078062;22;20;21;22;19;23;NA;NA;NA;NA;NA;NA;NA;NA;NA;NA;NA;NA;21;21;20;22;19;22;"Male";28;"White";1;1;1;1;0;1;1;1;0;0;1;1;0;185;70;"2-3";80000;"Once or twice a week";41,87449646;-87,65029907;-1;27,1836734693878
"16";"R_1et3Xp05LFeTO5C";"Default Response Set";"Anonymous";NA;NA;"66.30.28.179";0;"8/2/2015 20:26";"8/2/2015 20:29";1;58063013;22;18;23;19;23;21;NA;NA;NA;NA;NA;NA;NA;NA;NA;NA;NA;NA;19;18;22;18;17;21;"Male";32;"White";1;1;1;1;0;1;0;1;0;0;1;1;0;230;73;"1";40000;"Once or twice a week";41,73049927;-71,11450195;-1;31,0752486395196
"17";"R_3ktG8RWVmYOlr5J";"Default Response Set";"Anonymous";NA;NA;"121.247.68.245";0;"8/2/2015 20:26";"8/2/2015 20:29";1;22646923;NA;NA;NA;NA;NA;NA;21;21;17;19;17;22;18;18;19;18;20;21;NA;NA;NA;NA;NA;NA;"Female";53;"White";1;1;1;1;0;1;1;0;0;0;1;1;0;141;64;"2-3";25000;"Less often than once a month";20;77;-1;24,78515625
"18";"R_3dR0a6gCD8JRN0r";"Default Response Set";"Anonymous";NA;NA;"67.44.203.34";0;"8/2/2015 20:27";"8/2/2015 20:30";1;34940989;NA;NA;NA;NA;NA;NA;21;19;18;18;21;22;NA;NA;NA;NA;NA;NA;19;19;22;19;21;22;"Female";46;"White";0;1;1;1;1;0;1;0;0;0;0;1;0;140;62;"4-5";35000;"Several Times a week";38;-97;-1;26,2226847034339
"19";"R_1fZbWyLw4YfyRhX";"Default Response Set";"Anonymous";NA;NA;"100.36.64.243";0;"8/2/2015 20:27";"8/2/2015 20:31";1;71692872;22;23;22;18;20;23;NA;NA;NA;NA;NA;NA;22;21;21;21;22;18;NA;NA;NA;NA;NA;NA;"Male";NA;NA;1;1;1;1;0;1;1;0;0;0;1;1;1;188;73;"2-3";107000;"Several Times a week";39,09669495;-76,87789917;-1;25,4006380183899
"20";"R_2WwcW0EiLjquQsD";"Default Response Set";"Anonymous";NA;NA;"216.49.148.67";0;"8/2/2015 20:27";"8/2/2015 20:31";1;68686303;20;21;21;19;18;22;NA;NA;NA;NA;NA;NA;21;19;22;19;21;23;NA;NA;NA;NA;NA;NA;"Female";41;"White";0;1;1;0;0;0;0;1;1;0;1;1;1;250;65,5;"4-5";180000;"Several Times a week";42,28649902;-71,71469879;-1;41,9555969931822
"21";"R_szeqrEBt3KB32uZ";"Default Response Set";"Anonymous";NA;NA;"75.135.130.128";0;"8/2/2015 20:29";"8/2/2015 20:31";1;45865785;NA;NA;NA;NA;NA;NA;21;22;20;21;21;20;NA;NA;NA;NA;NA;NA;22;20;21;22;21;21;"Male";50;"White";1;1;1;1;0;1;1;1;0;1;1;1;1;212;69;"2-3";15000;"Less often than once a month";45,34489441;-84,91500092;-1;32,0604914933837
"22";"R_1pnieKCJ36vjrJ0";"Default Response Set";"Anonymous";NA;NA;"173.18.28.106";0;"8/2/2015 20:31";"8/2/2015 20:34";1;81799417;19;19;22;21;22;17;18;21;23;23;23;18;NA;NA;NA;NA;NA;NA;NA;NA;NA;NA;NA;NA;"Male";32;"White";1;1;0;1;1;1;1;1;0;0;1;1;1;198;72;"2-3";30000;"Less often than once a month";37,81799316;-89,02780151;-1;27,5
"23";"R_RUF3KavZTmFWMtX";"Default Response Set";"Anonymous";NA;NA;"74.79.194.199";0;"8/2/2015 20:32";"8/2/2015 20:34";1;6909711;NA;NA;NA;NA;NA;NA;17;17;17;17;17;17;17;17;17;17;17;17;NA;NA;NA;NA;NA;NA;"Male";59;"White";1;1;1;1;0;1;0;0;0;1;0;1;0;235;68;"2-3";33000;"Never";43,10920715;-74,86419678;-1;36,5916955017301
"24";"R_1eDUEZeJYR2YFWV";"Default Response Set";"Anonymous";NA;NA;"216.49.148.67";0;"8/2/2015 20:32";"8/2/2015 20:34";1;11859643;18;22;19;18;23;23;22;19;18;22;17;23;NA;NA;NA;NA;NA;NA;NA;NA;NA;NA;NA;NA;"Male";42;"White";1;1;0;0;1;0;1;0;1;0;1;1;1;270;75;"4-5";2e+05;"Several Times a week";42,28649902;-71,71469879;-1;34,56
"25";"R_3lRXL1Sof6O4TTS";"Default Response Set";"Anonymous";NA;NA;"24.62.163.231";0;"8/2/2015 20:37";"8/2/2015 20:38";1;33955264;17;19;22;22;22;23;23;21;21;17;22;17;NA;NA;NA;NA;NA;NA;NA;NA;NA;NA;NA;NA;"Female";32;"White";0;1;1;1;0;1;1;0;0;0;1;1;0;100;59;"4-5";104000;"Several Times a week";42,94030762;-71,4434967;-1;20,683711577133
"26";"R_3MtZTpXO6AgPmiu";"Default Response Set";"Anonymous";NA;NA;"71.235.198.251";0;"8/2/2015 20:39";"8/2/2015 20:40";1;36834955;NA;NA;NA;NA;NA;NA;20;21;21;21;21;22;22;22;21;22;22;20;NA;NA;NA;NA;NA;NA;"Male";25;"White";1;1;1;1;0;1;0;1;0;0;1;1;0;170;70;"2-3";27000;"Once or twice a week";42,79589844;-71,05699921;-1;24,9795918367347
"27";"R_3MGQVIDhZybqRQb";"Default Response Set";"Anonymous";NA;NA;"24.6.178.238";0;"8/2/2015 20:37";"8/2/2015 20:40";1;48237432;NA;NA;NA;NA;NA;NA;22;21;22;20;22;21;NA;NA;NA;NA;NA;NA;21;22;21;22;19;21;"Male";39;"Asian/Pacific Islander";0;1;1;1;0;0;1;1;0;0;1;1;0;200;67;"6+";120000;"Several Times a week";37,56700134;-121,9828949;-1;32,078413900646
"28";"R_2So84scPu8SPeOL";"Default Response Set";"Anonymous";NA;NA;"166.175.62.117";0;"8/2/2015 20:38";"8/2/2015 20:41";1;11031287;NA;NA;NA;NA;NA;NA;NA;NA;NA;NA;NA;NA;21;22;22;21;18;22;23;19;21;21;21;21;"Female";31;"White";0;1;1;0;1;1;0;0;1;0;1;0;1;140;65;"1";5e+05;"Several Times a week";38;-97;-1;23,8579881656805
"29";"R_dauicyRCzRkmq4N";"Default Response Set";"Anonymous";NA;NA;"107.10.142.67";0;"8/2/2015 20:42";"8/2/2015 20:44";1;82088744;17;18;21;20;18;17;NA;NA;NA;NA;NA;NA;NA;NA;NA;NA;NA;NA;22;21;20;18;18;21;"Female";54;"White";1;1;1;0;0;0;0;1;0;0;1;1;0;145;64;"2-3";20000;"Once or twice a week";39,30310059;-82,08280182;-1;25,48828125
"30";"R_25yY4Qj13i70YCy";"Default Response Set";"Anonymous";NA;NA;"107.9.150.210";0;"8/2/2015 20:42";"8/2/2015 20:44";1;44418002;22;19;23;23;19;19;NA;NA;NA;NA;NA;NA;NA;NA;NA;NA;NA;NA;22;23;22;22;22;23;"Female";47;"White";0;1;1;1;0;1;1;1;1;1;1;1;1;140;68;"4-5";NA;"Several Times a week";41,23139954;-80,75669861;-1;21,7993079584775
"31";"R_saHPgZuibPnI7UB";"Default Response Set";"Anonymous";NA;NA;"69.47.41.110";0;"8/2/2015 20:39";"8/2/2015 20:45";1;22788018;NA;NA;NA;NA;NA;NA;NA;NA;NA;NA;NA;NA;21;23;23;22;20;22;23;18;23;19;23;21;"Female";28;"White";1;0;1;0;1;1;0;0;1;0;1;1;0;150;58;"2-3";45000;"Once or twice a month";41,603302;-87,75469971;-1;32,1046373365042
"32";"R_3PUe6KAlH5Ca9nm";"Default Response Set";"Anonymous";NA;NA;"66.87.151.50";0;"8/2/2015 20:42";"8/2/2015 20:45";1;43137283;18;19;21;19;20;20;NA;NA;NA;NA;NA;NA;NA;NA;NA;NA;NA;NA;19;19;21;21;22;19;"Female";28;"White";1;1;0;1;1;1;0;0;1;0;1;1;0;125;64;"2-3";54000;"Once or twice a week";39,67170715;-104,9271011;-1;21,97265625
"33";"R_3g7NyICFQaljkTA";"Default Response Set";"Anonymous";NA;NA;"96.233.101.189";0;"8/2/2015 20:42";"8/2/2015 20:45";1;83198407;NA;NA;NA;NA;NA;NA;NA;NA;NA;NA;NA;NA;18;18;20;21;20;20;20;19;18;21;19;21;"Male";42;"White";1;0;0;0;1;0;1;0;1;1;1;1;0;207;73;"4-5";NA;"Once or twice a week";42,53349304;-71,10359955;-1;27,9677237755676
"34";"R_1M5qb9Y5y4U9erj";"Default Response Set";"Anonymous";NA;NA;"74.111.26.20";0;"8/2/2015 20:44";"8/2/2015 20:46";1;65792933;NA;NA;NA;NA;NA;NA;18;22;21;19;20;19;NA;NA;NA;NA;NA;NA;18;21;21;23;17;20;"Female";38;"Black or African American";1;1;1;1;0;1;1;1;1;0;1;1;1;214;62;"4-5";62000;"Once or twice a month";43,08920288;-76,02500153;-1;40,0832466181061
"35";"R_UPYdk18QkWiIqGJ";"Default Response Set";"Anonymous";NA;NA;"99.43.85.48";0;"8/2/2015 20:44";"8/2/2015 20:48";1;69593632;18;18;19;21;22;22;21;22;22;22;22;17;NA;NA;NA;NA;NA;NA;NA;NA;NA;NA;NA;NA;"Male";51;"Asian/Pacific Islander";1;1;0;1;1;1;1;1;1;0;1;1;0;185;70;"1";17500;"Once or twice a week";34,11250305;-118,1907959;-1;27,1836734693878
"36";"R_1pxSCZIyZZnkCfc";"Default Response Set";"Anonymous";NA;NA;"73.185.34.182";0;"8/2/2015 20:47";"8/2/2015 20:48";1;87072158;NA;NA;NA;NA;NA;NA;22;19;18;22;21;18;NA;NA;NA;NA;NA;NA;22;22;22;18;23;19;"Male";45;"White";0;1;0;1;0;1;0;1;0;0;1;1;0;173;71;"2-3";37500;"Several Times a week";39,73039246;-122,3378983;-1;24,7093830589169
"37";"R_31zpuo83oNqj1uv";"Default Response Set";"Anonymous";NA;NA;"70.189.34.122";0;"8/2/2015 20:45";"8/2/2015 20:48";1;27894772;22;21;22;20;23;21;NA;NA;NA;NA;NA;NA;NA;NA;NA;NA;NA;NA;21;21;22;21;21;21;"Male";30;"White";1;1;0;0;NA;0;NA;0;1;0;1;1;0;105;66;"4-5";40000;"Once or twice a week";29,957901;-91,87210083;-1;17,3553719008264
"38";"R_d6bHqk9zkDOdIhr";"Default Response Set";"Anonymous";NA;NA;"24.147.163.10";0;"8/2/2015 20:48";"8/2/2015 20:50";1;487469;23;22;23;19;21;21;21;21;20;22;20;22;NA;NA;NA;NA;NA;NA;NA;NA;NA;NA;NA;NA;"Male";33;"Asian/Pacific Islander";1;0;0;1;1;0;1;0;1;1;0;1;1;130;69;"2-3";98000;"Once or twice a week";42,73240662;-71,186203;-1;19,6597353497164
"39";"R_2WClBjWxW7cqfgL";"Default Response Set";"Anonymous";NA;NA;"96.251.33.113";0;"8/2/2015 20:51";"8/2/2015 20:54";1;13610054;NA;NA;NA;NA;NA;NA;18;18;21;21;19;17;NA;NA;NA;NA;NA;NA;18;21;17;18;19;19;"Male";34;"White";0;1;1;0;1;1;1;0;1;0;1;1;0;190;66;"1";12000;"Once or twice a month";34,5776062;-117,1591949;-1;31,4049586776859
"40";"R_1IyCj1S1bL9VwPM";"Default Response Set";"Anonymous";NA;NA;"98.115.7.102";0;"8/2/2015 20:52";"8/2/2015 20:55";1;63126957;21;21;22;22;22;20;NA;NA;NA;NA;NA;NA;22;22;22;20;22;18;NA;NA;NA;NA;NA;NA;"Female";24;"White";0;1;0;1;0;1;1;0;1;0;0;0;0;105;62;"2-3";48000;"Several Times a week";39,18170166;-75,5970993;-1;19,6670135275754
"41";"R_3htI6k3v6NfvJDA";"Default Response Set";"Anonymous";NA;NA;"108.2.124.210";0;"8/2/2015 20:54";"8/2/2015 20:57";1;30173023;NA;NA;NA;NA;NA;NA;19;18;18;22;23;21;NA;NA;NA;NA;NA;NA;19;18;22;22;19;23;"Male";26;"White";1;1;1;0;1;1;1;0;1;0;1;1;0;215;70;"1";75000;"Once or twice a week";39,18170166;-75,5970993;-1;31,5918367346939
"42";"R_XFDMAmiFmXMpKb7";"Default Response Set";"Anonymous";NA;NA;"71.42.81.188";0;"8/2/2015 20:56";"8/2/2015 20:58";1;77907911;21;17;22;19;18;22;21;22;21;21;17;23;NA;NA;NA;NA;NA;NA;NA;NA;NA;NA;NA;NA;"Female";55;"White";0;1;1;0;0;1;0;0;0;0;1;1;0;140;67;"2-3";65000;"Never";30,26719666;-97,74310303;-1;22,4548897304522
"43";"R_xo7mtNaxgPLWmvD";"Default Response Set";"Anonymous";NA;NA;"108.52.0.187";0;"8/2/2015 20:57";"8/2/2015 21:00";1;2472239;NA;NA;NA;NA;NA;NA;21;23;21;17;21;22;NA;NA;NA;NA;NA;NA;21;19;19;22;19;22;"Male";29;"Hispanic or Latino";0;1;0;1;1;1;1;1;0;0;1;0;0;189;73;"2-3";70000;"Several Times a week";39,15879822;-75,49410248;-1;25,5357477950835
"44";"R_1jrN9MrZEOLpe7i";"Default Response Set";"Anonymous";NA;NA;"38.124.110.51";0;"8/2/2015 20:56";"8/2/2015 21:04";1;23517571;NA;NA;NA;NA;NA;NA;23;23;17;17;17;17;17;17;17;23;23;23;NA;NA;NA;NA;NA;NA;"Female";29;"White";0;1;1;0;1;1;1;0;1;0;1;0;0;175;68;"2-3";75000;"Once or twice a week";41,95599365;-87,66069794;-1;27,2491349480969
"45";"R_ylmLIx3CF6el3Hj";"Default Response Set";"Anonymous";NA;NA;"160.3.51.12";0;"8/2/2015 21:04";"8/2/2015 21:06";1;90931479;18;23;23;18;18;23;NA;NA;NA;NA;NA;NA;NA;NA;NA;NA;NA;NA;21;19;17;20;17;21;"Male";31;"White";0;0;0;0;1;0;1;1;1;1;0;0;0;230;72;"2-3";70000;"Several Times a week";34,61819458;-99,27320099;-1;31,9444444444444
"46";"R_1CwPmObPGZfISL0";"Default Response Set";"Anonymous";NA;NA;"54.148.44.119";0;"8/2/2015 21:03";"8/2/2015 21:07";1;70288442;NA;NA;NA;NA;NA;NA;19;22;21;23;18;23;NA;NA;NA;NA;NA;NA;22;22;23;22;19;22;"Male";38;"White";0;0;1;0;1;1;1;0;1;0;0;1;1;230;73;"4-5";1e+05;"Several Times a week";45,83990479;-119,7005997;-1;31,0752486395196
"47";"R_5t0nVtOV8OfCqbL";"Default Response Set";"Anonymous";NA;NA;"96.40.195.227";0;"8/2/2015 21:03";"8/2/2015 21:07";1;30626315;19;22;19;19;19;22;21;21;21;21;19;21;NA;NA;NA;NA;NA;NA;NA;NA;NA;NA;NA;NA;"Male";33;"Asian/Pacific Islander";0;0;0;0;0;1;1;0;1;1;0;0;0;135;68;"2-3";104000;"Several Times a week";38,59739685;-90,00710297;-1;21,0207612456747
"48";"R_23VtvTT0qMk6keU";"Default Response Set";"Anonymous";NA;NA;"74.215.206.165";0;"8/2/2015 21:09";"8/2/2015 21:11";1;76688941;NA;NA;NA;NA;NA;NA;NA;NA;NA;NA;NA;NA;23;23;22;23;23;21;21;23;23;22;21;22;"Female";42;NA;1;0;0;1;1;0;1;1;1;0;1;1;1;195;71;NA;110000;"Several Times a week";39,28309631;-84,5161972;-1;27,8516167427098
"49";"R_pMEMCiH0tzseTKh";"Default Response Set";"Anonymous";NA;NA;"216.49.148.67";0;"8/2/2015 21:11";"8/2/2015 21:14";1;84377213;NA;NA;NA;NA;NA;NA;23;19;22;23;21;22;19;21;21;18;17;21;NA;NA;NA;NA;NA;NA;"Male";17;"White";0;1;1;1;0;1;0;1;0;0;1;0;1;147;71;"4-5";4000;"Several Times a week";42,28649902;-71,71469879;-1;20,9958341598889
"50";"R_3CWrSTTfLpgKDqu";"Default Response Set";"Anonymous";NA;NA;"121.211.226.91";0;"8/2/2015 21:13";"8/2/2015 21:15";1;82444775;NA;NA;NA;NA;NA;NA;22;21;21;23;18;23;NA;NA;NA;NA;NA;NA;19;21;22;21;19;19;"Male";35;"White";1;1;0;1;0;0;1;1;1;1;1;1;0;220;74;"4-5";1e+05;"Once or twice a month";-33,96670532;151,083313;-1;28,9262235208181
"51";"R_vuhIZotq5bkTdrr";"Default Response Set";"Anonymous";NA;NA;"108.41.15.100";0;"8/2/2015 21:14";"8/2/2015 21:19";1;41233844;NA;NA;NA;NA;NA;NA;20;23;22;23;17;23;NA;NA;NA;NA;NA;NA;20;21;19;23;17;23;"Male";36;"Asian/Pacific Islander";0;1;0;0;0;0;0;0;0;1;0;0;0;252;71;"2-3";29000;"Once or twice a month";40,90640259;-73,13189697;-1;35,9928585598096
"52";"R_2EcxnhVDBgUVw5S";"Default Response Set";"Anonymous";NA;NA;"216.49.148.67";0;"8/2/2015 21:18";"8/2/2015 21:20";1;58984704;NA;NA;NA;NA;NA;NA;NA;NA;NA;NA;NA;NA;19;21;19;18;17;22;19;21;22;21;17;22;"Male";19;"White";1;1;0;1;0;1;1;1;1;0;1;1;0;155;74;"4-5";11000;"Several Times a week";42,28649902;-71,71469879;-1;20,3798392987582
"53";"R_1hEapK7eSXYUe9U";"Default Response Set";"Anonymous";NA;NA;"216.49.148.67";0;"8/2/2015 21:19";"8/2/2015 21:21";1;89959291;19;22;20;18;18;22;21;18;18;21;18;22;NA;NA;NA;NA;NA;NA;NA;NA;NA;NA;NA;NA;"Female";41;"White";0;1;0;0;0;0;0;1;1;0;1;1;1;150;66;"4-5";150000;"Several Times a week";42,28649902;-71,71469879;-1;24,7933884297521
"54";"R_1FtbbcyLvEtRcAk";"Default Response Set";"Anonymous";NA;NA;"99.132.233.251";0;"8/2/2015 21:18";"8/2/2015 21:22";1;40176361;17;17;20;19;17;17;NA;NA;NA;NA;NA;NA;NA;NA;NA;NA;NA;NA;21;22;22;22;17;22;"Male";61;"White";1;1;1;0;0;1;0;1;0;0;1;1;1;216;66;"2-3";70000;"Once or twice a week";41,603302;-87,75469971;-1;35,702479338843
"55";"R_1SSXeeuJxGNWZPP";"Default Response Set";"Anonymous";NA;NA;"216.49.148.67";0;"8/2/2015 21:21";"8/2/2015 21:27";1;39906373;NA;NA;NA;NA;NA;NA;20;20;20;20;17;20;17;17;20;20;22;22;NA;NA;NA;NA;NA;NA;"Female";12;"White";0;0;0;0;1;0;1;0;0;1;0;0;1;98;62;"6+";NA;"Once or twice a week";42,28649902;-71,71469879;-1;18,3558792924037
"56";"R_D7Z67vxqsYWfTbj";"Default Response Set";"Anonymous";NA;NA;"73.175.244.129";0;"8/2/2015 20:55";"8/2/2015 21:30";1;53769339;23;22;23;23;20;19;21;23;19;17;17;17;NA;NA;NA;NA;NA;NA;NA;NA;NA;NA;NA;NA;"Female";68;"White";0;1;1;1;0;0;1;0;0;1;0;0;0;200;64;"6+";1e+05;"Less often than once a month";40,24549866;-77,02269745;-1;35,15625
"57";"R_WoCpz4DCXv35sNb";"Default Response Set";"Anonymous";NA;NA;"107.107.60.163";0;"8/2/2015 21:30";"8/2/2015 21:33";1;55977621;19;17;21;21;17;19;NA;NA;NA;NA;NA;NA;19;21;19;19;19;18;NA;NA;NA;NA;NA;NA;"Male";45;"White";1;1;1;0;0;1;1;1;0;0;1;1;0;225;60;"4-5";3e+05;"Several Times a week";40,72819519;-74,07759857;-1;45
"58";"R_3fCdtMVH9AoP7Fh";"Default Response Set";"Anonymous";NA;NA;"70.215.73.117";0;"8/2/2015 21:30";"8/2/2015 21:33";1;11208593;NA;NA;NA;NA;NA;NA;22;21;21;19;19;18;20;21;21;21;21;21;NA;NA;NA;NA;NA;NA;"Female";27;"White";0;1;0;1;1;1;1;0;0;0;1;1;0;130;63;"2-3";42000;"Several Times a week";39,90789795;-75,08159637;-1;23,5827664399093
"59";"R_21cBZ017R1tOW0M";"Default Response Set";"Anonymous";NA;NA;"66.225.111.98";0;"8/2/2015 21:33";"8/2/2015 21:36";1;55670218;NA;NA;NA;NA;NA;NA;17;23;19;21;19;22;17;23;21;20;19;21;NA;NA;NA;NA;NA;NA;"Male";27;"White";1;1;1;1;0;1;0;1;0;0;1;1;0;220;70;"2-3";140000;"Once or twice a week";39,29660034;-76,6072998;-1;32,3265306122449
"60";"R_xxyiLjURdKPCo3D";"Default Response Set";"Anonymous";NA;NA;"76.102.149.147";0;"8/2/2015 21:35";"8/2/2015 21:37";1;45517326;21;21;21;20;21;21;NA;NA;NA;NA;NA;NA;NA;NA;NA;NA;NA;NA;21;20;22;21;21;22;"Male";30;"Other";1;0;1;1;1;1;1;1;1;0;0;0;1;145;65;"1";140000;"Once or twice a week";37,42489624;-122,0074005;-1;24,7100591715976
"61";"R_CmrDU13x3HIo9SF";"Default Response Set";"Anonymous";NA;NA;"108.24.183.218";0;"8/2/2015 21:41";"8/2/2015 21:45";1;74310309;NA;NA;NA;NA;NA;NA;21;20;20;21;18;19;21;20;20;22;21;21;NA;NA;NA;NA;NA;NA;"Male";29;"White";1;1;1;0;1;0;1;0;1;0;1;1;0;180;69;"2-3";120000;"Once or twice a week";39,89419556;-75,03939819;-1;27,2211720226843
"62";"R_2zJiRcLXlBwPoJy";"Default Response Set";"Anonymous";NA;NA;"73.15.176.149";0;"8/2/2015 21:45";"8/2/2015 21:48";1;41661126;22;23;22;22;21;23;NA;NA;NA;NA;NA;NA;NA;NA;NA;NA;NA;NA;23;17;23;23;21;21;"Male";24;"Asian/Pacific Islander";1;0;0;0;1;1;1;1;1;0;1;1;0;162;71;"1";110000;"Several Times a week";37,3697052;-122,0214005;-1;23,1382662170204
"63";"R_3saBIBDEePZFn7p";"Default Response Set";"Anonymous";NA;NA;"166.175.60.24";0;"8/2/2015 21:53";"8/2/2015 21:57";1;82776333;NA;NA;NA;NA;NA;NA;NA;NA;NA;NA;NA;NA;18;23;22;22;22;22;22;22;22;23;22;23;"Male";29;"White";0;0;0;0;1;1;0;1;0;0;1;1;0;225;66;"4-5";75000;"Once or twice a week";41,8500061;-87,65000153;-1;37,1900826446281
"64";"R_3FQy40MFoRSONqw";"Default Response Set";"Anonymous";NA;NA;"216.195.23.35";0;"8/2/2015 22:00";"8/2/2015 22:04";1;57405843;19;21;23;22;18;23;23;21;23;21;20;21;NA;NA;NA;NA;NA;NA;NA;NA;NA;NA;NA;NA;NA;39;"White";0;1;0;1;1;1;0;1;0;0;0;0;0;185;68;"4-5";58000;"Several Times a week";42,28649902;-71,71469879;-1;28,8062283737024
"65";"R_1Eb6KdHFiDtwful";"Default Response Set";"Anonymous";NA;NA;"50.179.4.158";0;"8/2/2015 22:03";"8/2/2015 22:06";1;59022298;21;22;22;21;18;23;21;22;21;19;18;21;NA;NA;NA;NA;NA;NA;NA;NA;NA;NA;NA;NA;"Female";28;"White";0;0;1;0;1;0;0;0;1;0;1;0;0;171;67;"1";75000;"Several Times a week";41,87840271;-87,68520355;-1;27,4270438850524
"66";"R_2CrhMEeNGiURZjc";"Default Response Set";"Anonymous";NA;NA;"50.148.128.52";0;"8/2/2015 22:05";"8/2/2015 22:07";1;26395605;17;17;17;17;17;17;17;17;17;17;17;17;NA;NA;NA;NA;NA;NA;NA;NA;NA;NA;NA;NA;"Female";33;"Asian/Pacific Islander";0;0;0;0;1;0;1;1;1;1;0;1;0;119;64;"2-3";NA;"Several Times a week";37,35369873;-122,0307007;-1;20,91796875
"67";"R_2fp1mY9Wc8uxnp1";"Default Response Set";"Anonymous";NA;NA;"108.51.147.221";0;"8/2/2015 22:05";"8/2/2015 22:10";1;23472927;20;22;22;20;17;21;22;22;19;22;17;22;NA;NA;NA;NA;NA;NA;NA;NA;NA;NA;NA;NA;"Male";42;"White";1;1;1;0;1;1;0;0;0;0;1;0;0;155;68;"4-5";80000;"Once or twice a week";38,88650513;-77,09690094;-1;24,1349480968858
"68";"R_1Oy6M2MqZLRrFNX";"Default Response Set";"Anonymous";NA;NA;"71.58.208.126";0;"8/2/2015 22:09";"8/2/2015 22:13";1;14071213;NA;NA;NA;NA;NA;NA;21;21;21;22;22;19;NA;NA;NA;NA;NA;NA;21;21;21;21;19;21;"Female";60;"White";1;1;0;0;1;0;1;0;1;0;1;0;0;283;63;"2-3";170000;"Once or twice a week";40,78489685;-77,84700012;-1;51,3378684807256
"69";"R_TubAD3R8HecuIw1";"Default Response Set";"Anonymous";NA;NA;"50.4.129.36";0;"8/2/2015 22:23";"8/2/2015 22:26";1;90038272;19;18;21;22;23;18;NA;NA;NA;NA;NA;NA;NA;NA;NA;NA;NA;NA;18;21;19;22;18;23;"Female";28;"White";1;1;1;1;0;1;0;0;1;0;1;1;0;115;65;"2-3";50000;"Once or twice a week";41,603302;-87,75469971;-1;19,5976331360947
"70";"R_1GTikQ0lNOtqwJ2";"Default Response Set";"Anonymous";NA;NA;"50.172.45.228";0;"8/2/2015 22:27";"8/2/2015 22:31";1;43733712;18;18;18;18;18;18;19;19;20;19;18;19;NA;NA;NA;NA;NA;NA;NA;NA;NA;NA;NA;NA;"Male";29;"Asian/Pacific Islander";0;0;1;0;1;0;1;0;1;0;0;1;1;190;68;"2-3";75000;"Once or twice a month";39,61759949;-86,17710114;-1;29,5847750865052
"71";"R_p3GcrbxxAfNv1XX";"Default Response Set";"Anonymous";NA;NA;"24.220.146.98";0;"8/2/2015 22:35";"8/2/2015 22:38";1;65634377;NA;NA;NA;NA;NA;NA;22;22;21;19;23;20;23;22;23;23;22;22;NA;NA;NA;NA;NA;NA;"Female";29;"Other";0;1;0;0;1;0;1;1;1;1;0;0;1;150;66;"2-3";37000;"Several Times a week";43,53669739;-96,6984024;-1;24,7933884297521
"72";"R_1mXwrMeIBpa3O7o";"Default Response Set";"Anonymous";NA;NA;"79.173.164.218";0;"8/2/2015 22:44";"8/2/2015 22:48";1;29624297;NA;NA;NA;NA;NA;NA;21;18;21;22;19;22;18;19;19;21;22;22;NA;NA;NA;NA;NA;NA;"Male";32;"White";0;1;1;0;0;1;1;0;1;0;1;1;0;179;73;"1";140000;"Several Times a week";51,52250671;-0,229995728;-1;24,1846500281479
"73";"R_3qdOrtI1JOP91Am";"Default Response Set";"Anonymous";NA;NA;"96.227.128.216";0;"8/2/2015 22:46";"8/2/2015 22:52";1;4032181;23;23;17;22;23;17;23;21;21;17;17;23;NA;NA;NA;NA;NA;NA;NA;NA;NA;NA;NA;NA;"Female";39;"Asian/Pacific Islander";1;1;0;0;0;1;1;1;1;0;0;1;0;160;62;"4-5";175000;"Once or twice a month";40,16560364;-74,82189941;-1;29,9687825182102
"74";"R_OHGOBsOGeEfrCcF";"Default Response Set";"Anonymous";NA;NA;"69.141.152.147";0;"8/2/2015 22:52";"8/2/2015 22:55";1;75896858;NA;NA;NA;NA;NA;NA;NA;NA;NA;NA;NA;NA;17;21;21;23;19;22;21;17;23;21;17;23;"Male";26;"White";1;1;1;1;0;1;1;1;0;1;1;1;0;170;69;"1";25000;"Several Times a week";40,25619507;-74,75810242;-1;25,7088846880907
"75";"R_2tsX0OwAiI5cm3U";"Default Response Set";"Anonymous";NA;NA;"189.149.247.9";0;"8/2/2015 22:55";"8/2/2015 22:59";1;58526858;NA;NA;NA;NA;NA;NA;NA;NA;NA;NA;NA;NA;23;23;23;23;22;23;23;23;23;23;22;23;"Female";28;"White";1;1;1;0;1;0;1;1;0;0;1;1;0;110;60;"2-3";12000;"Once or twice a week";19,42999268;-99,12999725;-1;22
"76";"R_20ZLq2umjKdViBK";"Default Response Set";"Anonymous";NA;NA;"66.44.118.6";0;"8/2/2015 23:01";"8/2/2015 23:03";1;68268672;20;22;19;19;19;21;21;20;21;23;18;20;NA;NA;NA;NA;NA;NA;NA;NA;NA;NA;NA;NA;"Male";25;"White";1;1;0;0;0;1;0;1;0;0;0;1;0;200;74;"2-3";9e+05;"Several Times a week";38,95199585;-77,01999664;-1;26,2965668371074
"77";"R_2Cjg7IYqDQRe5ry";"Default Response Set";"Anonymous";NA;NA;"50.190.129.72";0;"8/2/2015 22:57";"8/2/2015 23:03";1;74880681;18;22;21;18;19;23;22;22;18;18;18;21;NA;NA;NA;NA;NA;NA;NA;NA;NA;NA;NA;NA;"Female";28;"White";1;1;0;0;0;0;0;0;0;0;0;0;1;180;69,5;"2-3";35000;"Several Times a week";39,15879822;-75,49410248;-1;26,8309093732208
"78";"R_32JTrF8JFvtK06j";"Default Response Set";"Anonymous";NA;NA;"71.230.93.129";0;"8/2/2015 23:03";"8/2/2015 23:06";1;11232573;NA;NA;NA;NA;NA;NA;NA;NA;NA;NA;NA;NA;22;22;17;18;23;21;21;22;22;23;23;23;"Female";33;"Hispanic or Latino";1;1;1;0;0;1;1;0;0;0;1;1;0;250;61;"4-5";24000;"Less often than once a month";40,14419556;-74,84829712;-1;48,3740929857565
"79";"R_3IW5yw0AO9HtuKj";"Default Response Set";"Anonymous";NA;NA;"98.207.215.92";0;"8/2/2015 23:07";"8/2/2015 23:12";1;77275592;NA;NA;NA;NA;NA;NA;17;17;17;17;17;17;NA;NA;NA;NA;NA;NA;17;17;17;17;17;17;"Male";31;"Asian/Pacific Islander";1;0;0;0;1;1;1;1;1;1;1;0;1;175;70;"2-3";120000;"Once or twice a week";37,71859741;-121,9163971;-1;25,7142857142857
"80";"R_1DppFoVdYVPbUzA";"Default Response Set";"Anonymous";NA;NA;"91.140.226.160";0;"8/2/2015 23:08";"8/2/2015 23:12";1;95832071;NA;NA;NA;NA;NA;NA;NA;NA;NA;NA;NA;NA;21;23;19;19;20;23;21;22;22;22;19;20;"Male";28;"White";0;1;0;0;1;0;1;0;1;0;0;0;0;185;71;"4-5";70000;"Several Times a week";0;0;-1;26,4233287046221
"81";"R_2dncUxFbq5B5m8N";"Default Response Set";"Anonymous";NA;NA;"50.242.89.251";0;"8/2/2015 23:13";"8/2/2015 23:16";1;9442796;NA;NA;NA;NA;NA;NA;20;22;19;18;19;20;NA;NA;NA;NA;NA;NA;22;21;22;20;22;20;"Female";39;"Asian/Pacific Islander";0;1;0;1;0;0;1;0;1;0;0;1;0;130;65;"2-3";130000;"Less often than once a month";37,54020691;-122,3041;-1;22,1538461538462
"82";"R_vwPnjXNSEdqQISt";"Default Response Set";"Anonymous";NA;NA;"73.208.91.64";0;"8/2/2015 23:22";"8/2/2015 23:26";1;32908632;18;18;23;22;18;23;NA;NA;NA;NA;NA;NA;18;23;22;19;23;21;NA;NA;NA;NA;NA;NA;"Female";28;"White";1;1;1;1;0;1;0;1;0;0;1;1;0;160;66;"2-3";60000;"Several Times a week";41,56959534;-87,79940033;-1;26,4462809917355
"83";"R_3DvVKdzjBRrGC8X";"Default Response Set";"Anonymous";NA;NA;"209.6.132.153";0;"8/2/2015 23:35";"8/2/2015 23:38";1;57915284;17;22;21;21;17;23;17;21;22;17;17;23;NA;NA;NA;NA;NA;NA;NA;NA;NA;NA;NA;NA;"Male";26;"White";0;1;0;0;0;1;0;0;0;0;0;1;0;150;69;"2-3";1e+05;"Several Times a week";42,34309387;-71,1230011;-1;22,6843100189036
"84";"R_0Cz6vlUq2Mb3BDz";"Default Response Set";"Anonymous";NA;NA;"71.188.84.21";0;"8/2/2015 23:33";"8/2/2015 23:41";1;98439875;NA;NA;NA;NA;NA;NA;23;23;21;23;21;17;NA;NA;NA;NA;NA;NA;23;21;22;23;19;22;"Female";29;NA;1;1;0;1;1;1;0;0;0;0;1;1;0;174;67;"4-5";NA;"Several Times a week";40,02940369;-74,58740234;-1;27,908220093562
"85";"R_1P7re2szphQp159";"Default Response Set";"Anonymous";NA;NA;"128.112.66.66";0;"8/2/2015 23:49";"8/2/2015 23:51";1;86704324;NA;NA;NA;NA;NA;NA;21;19;19;22;22;22;NA;NA;NA;NA;NA;NA;19;20;22;19;20;22;"Female";24;"White";1;1;1;0;1;0;0;0;1;0;1;1;0;160;66;"2-3";32000;"Once or twice a month";40,37559509;-74,65969849;-1;26,4462809917355
"86";"R_2eXrUZgGlMKsc6R";"Default Response Set";"Anonymous";NA;NA;"24.90.221.239";0;"8/2/2015 23:51";"8/2/2015 23:54";1;90753906;21;23;22;21;21;23;NA;NA;NA;NA;NA;NA;19;21;21;21;18;19;NA;NA;NA;NA;NA;NA;"Female";34;"Hispanic or Latino";1;1;1;0;0;1;0;1;1;0;1;1;0;128;67;"1";47000;"Less often than once a month";40,74000549;-73,93609619;-1;20,5301848964135
"87";"R_UolIkcpYjE3vfoZ";"Default Response Set";"Anonymous";NA;NA;"23.31.169.117";0;"8/3/2015 0:33";"8/3/2015 0:40";1;57429728;NA;NA;NA;NA;NA;NA;23;23;22;23;23;22;23;22;23;23;22;22;NA;NA;NA;NA;NA;NA;"Male";27;"White";1;0;1;0;0;0;1;0;1;0;0;0;0;155;70;"1";80000;"Once or twice a week";35,98170471;-84,1289978;-1;22,7755102040816
"88";"R_1Ojknk9RvhVz1mF";"Default Response Set";"Anonymous";NA;NA;"104.190.24.174";0;"8/3/2015 0:42";"8/3/2015 0:47";1;68711217;17;23;19;20;17;21;NA;NA;NA;NA;NA;NA;NA;NA;NA;NA;NA;NA;20;20;21;23;21;20;"Male";40;"Other";0;1;0;1;1;1;1;1;1;1;1;1;1;190;74;"4-5";95000;"Several Times a week";29,68069458;-95,43109894;-1;24,981738495252
"89";"R_1Cg4DUpogjCaqUD";"Default Response Set";"Anonymous";NA;NA;"104.190.24.174";0;"8/3/2015 0:53";"8/3/2015 0:53";1;34801790;NA;NA;NA;NA;NA;NA;NA;NA;NA;NA;NA;NA;NA;NA;NA;NA;NA;NA;NA;NA;NA;NA;NA;NA;NA;NA;NA;NA;NA;NA;NA;NA;NA;NA;NA;NA;NA;NA;NA;NA;NA;NA;NA;NA;NA;29,68069458;-95,43109894;-1;NA
"90";"R_1roZzSd3dyq8cU6";"Default Response Set";"Anonymous";NA;NA;"217.231.219.64";0;"8/3/2015 0:53";"8/3/2015 0:57";1;48195154;NA;NA;NA;NA;NA;NA;18;19;18;18;18;20;NA;NA;NA;NA;NA;NA;19;18;18;18;18;18;"Male";32;"White";1;1;1;0;0;1;0;0;1;0;1;0;0;164;75;"1";72000;"Once or twice a week";48,789505;9,013000488;-1;20,992
"91";"R_22P2iG1aEpmfdZd";"Default Response Set";"Anonymous";NA;NA;"24.6.182.230";0;"8/3/2015 1:00";"8/3/2015 1:04";1;89486745;20;23;19;21;22;23;NA;NA;NA;NA;NA;NA;NA;NA;NA;NA;NA;NA;18;22;18;18;17;22;"Female";36;"White";0;1;1;1;0;0;1;1;0;1;1;1;0;234;66;"2-3";NA;"Once or twice a week";37,35009766;-121,9853973;-1;38,6776859504132
"92";"R_2ygsSwGSlbqZpND";"Default Response Set";"Anonymous";NA;NA;"216.51.162.137";0;"8/3/2015 1:05";"8/3/2015 1:11";1;88045568;18;17;22;17;17;22;NA;NA;NA;NA;NA;NA;18;22;22;22;22;20;NA;NA;NA;NA;NA;NA;"Female";29;"White";0;0;0;0;0;1;1;1;0;0;0;0;0;170;73;"1";1e+05;"Several Times a week";41,88450623;-95,06340027;-1;22,9686620379058
"93";"R_3siDuGIlnaPDhZM";"Default Response Set";"Anonymous";NA;NA;"96.8.168.223";0;"8/3/2015 1:27";"8/3/2015 1:31";1;74832341;NA;NA;NA;NA;NA;NA;NA;NA;NA;NA;NA;NA;21;21;22;23;21;22;22;21;22;22;21;22;"Female";24;"White";0;0;0;0;1;0;1;0;1;1;1;0;1;125;62;"1";30000;"Several Times a week";29,90820313;-98,43720245;-1;23,4131113423517
"94";"R_2CPJXiTLOzfZfqj";"Default Response Set";"Anonymous";NA;NA;"73.200.71.118";0;"8/3/2015 1:27";"8/3/2015 1:34";1;64472829;NA;NA;NA;NA;NA;NA;18;17;23;18;21;22;NA;NA;NA;NA;NA;NA;21;21;18;17;17;21;"Male";41;"White";0;1;1;1;0;1;1;1;1;0;1;1;0;190;59;"1";120000;"Once or twice a month";38,90849304;-77,0177002;-1;39,2990519965527
"95";"R_3iVTHZyr9XfgypD";"Default Response Set";"Anonymous";NA;NA;"70.199.173.62";0;"8/3/2015 1:40";"8/3/2015 1:44";1;54838830;21;22;18;18;19;22;NA;NA;NA;NA;NA;NA;18;18;22;18;21;22;NA;NA;NA;NA;NA;NA;"Female";28;"White";0;1;0;1;0;1;0;1;0;0;0;1;0;120;65;"2-3";60000;"Several Times a week";47,61039734;-122,2006989;-1;20,4497041420118
"96";"R_3s4kv2F7SDyZQjd";"Default Response Set";"Anonymous";NA;NA;"76.218.65.75";0;"8/3/2015 1:54";"8/3/2015 1:58";1;77459972;22;20;22;19;22;22;NA;NA;NA;NA;NA;NA;22;21;22;21;22;22;NA;NA;NA;NA;NA;NA;"Male";38;"Asian/Pacific Islander";1;1;1;1;0;1;1;0;1;1;1;1;1;208;68;"6+";90000;"Once or twice a week";37,63929749;-122,0442047;-1;32,3875432525952
"97";"R_OqlQCsSt0cQ1N9n";"Default Response Set";"Anonymous";NA;NA;"92.163.29.96";0;"8/3/2015 2:09";"8/3/2015 2:13";1;5250567;NA;NA;NA;NA;NA;NA;22;22;22;20;19;19;18;21;18;22;18;19;NA;NA;NA;NA;NA;NA;"Male";44;"White";1;0;1;1;1;0;1;0;0;0;1;1;0;235;75;"2-3";75000;"Once or twice a week";48,86669922;2,333297729;-1;30,08
"98";"R_3Hvu6yIn14xTGMV";"Default Response Set";"Anonymous";NA;NA;"70.210.136.161";0;"8/3/2015 2:13";"8/3/2015 2:18";1;58501390;21;21;23;22;21;18;NA;NA;NA;NA;NA;NA;22;23;18;18;21;21;NA;NA;NA;NA;NA;NA;"Male";24;"White";0;0;0;0;0;0;0;0;1;0;1;1;1;200;73;"1";30000;"Once or twice a week";45,4980011;-122,7783966;-1;27,0219553387127
"99";"R_3nGzmhabNQtyfEt";"Default Response Set";"Anonymous";NA;NA;"99.111.1.10";0;"8/3/2015 5:17";"8/3/2015 5:22";1;7343049;21;22;22;22;22;22;NA;NA;NA;NA;NA;NA;21;22;23;22;22;22;NA;NA;NA;NA;NA;NA;"Male";29;"White";0;0;0;0;1;1;1;0;1;0;1;0;0;165;68;"2-3";90000;"Once or twice a week";41,603302;-87,75469971;-1;25,6920415224913
"100";"R_ZdEybqRkCFbdPnX";"Default Response Set";"Anonymous";NA;NA;"108.2.106.10";0;"8/3/2015 7:26";"8/3/2015 7:28";1;50540923;21;21;19;19;21;22;21;20;19;21;22;21;NA;NA;NA;NA;NA;NA;NA;NA;NA;NA;NA;NA;"Male";28;"White";0;0;0;0;1;0;1;0;1;1;1;0;0;185;73;"1";60000;"Several Times a week";39,18170166;-75,5970993;-1;24,9953086883092
"101";"R_1dbPqK5IAW0KUz4";"Default Response Set";"Anonymous";NA;NA;"146.115.183.105";0;"8/3/2015 7:47";"8/3/2015 7:57";1;90339460;NA;NA;NA;NA;NA;NA;23;20;17;18;18;23;NA;NA;NA;NA;NA;NA;22;17;22;20;17;19;"Female";29;"White";0;1;1;1;0;0;1;0;1;0;1;1;1;NA;NA;"2-3";NA;"Once or twice a month";42,37219238;-71,17870331;-1;NA
"102";"R_1Fy8xECvVmLDwyO";"Default Response Set";"Anonymous";NA;NA;"108.54.160.196";0;"8/3/2015 8:22";"8/3/2015 8:27";1;74261516;NA;NA;NA;NA;NA;NA;21;21;18;20;17;22;21;21;22;22;21;23;NA;NA;NA;NA;NA;NA;"Male";25;"White";0;0;0;0;1;0;0;0;1;0;0;0;0;155;68;"1";90000;"Several Times a week";40,74490356;-73,97820282;-1;24,1349480968858
"103";"R_Xp4wwLrjCm5Z0Yh";"Default Response Set";"Anonymous";NA;NA;"108.2.67.123";0;"8/3/2015 10:05";"8/3/2015 10:07";1;8630431;21;23;23;21;23;23;23;23;21;21;23;22;NA;NA;NA;NA;NA;NA;NA;NA;NA;NA;NA;NA;"Male";30;"White";1;1;1;1;0;1;1;0;0;0;1;1;1;160;65;"1";85000;"Several Times a week";39,47569275;-75,67240143;-1;27,2662721893491
"104";"R_zT2kcEiFb9HMFGx";"Default Response Set";"Anonymous";NA;NA;"96.49.177.71";0;"8/3/2015 10:34";"8/3/2015 10:38";1;75597070;18;22;18;20;17;23;NA;NA;NA;NA;NA;NA;18;18;23;22;23;22;NA;NA;NA;NA;NA;NA;"Female";32;"Hispanic or Latino";0;0;0;1;1;0;0;1;1;1;0;1;0;135;60;"2-3";85000;"Several Times a week";49,25;-122,9499969;-1;27
"105";"R_9sjDGJ2kLvWBZsJ";"Default Response Set";"Anonymous";NA;NA;"69.47.41.110";0;"8/3/2015 12:14";"8/3/2015 12:17";1;83641398;22;22;22;21;19;22;NA;NA;NA;NA;NA;NA;22;22;22;21;21;22;NA;NA;NA;NA;NA;NA;"Male";30;"White";0;1;0;0;0;0;1;1;1;0;0;1;0;210;72;"2-3";65000;"Once or twice a week";41,603302;-87,75469971;-1;29,1666666666667
"106";"R_2fvxguqIg8SF6wp";"Default Response Set";"Anonymous";NA;NA;"172.56.22.46";0;"8/3/2015 12:17";"8/3/2015 12:20";1;25303234;NA;NA;NA;NA;NA;NA;NA;NA;NA;NA;NA;NA;21;21;21;19;18;21;22;21;23;22;20;18;"Male";45;"White";0;0;1;0;1;0;1;0;1;0;1;1;0;190;68;"6+";1e+05;"Several Times a week";38;-97;-1;29,5847750865052
"107";"R_23TEfFEIjR6ewnv";"Default Response Set";"Anonymous";NA;NA;"70.192.139.40";0;"8/3/2015 12:17";"8/3/2015 12:25";1;74938829;22;18;22;21;23;23;NA;NA;NA;NA;NA;NA;18;22;21;23;20;22;NA;NA;NA;NA;NA;NA;"Female";52;"White";1;1;0;0;1;0;1;0;1;0;0;0;1;176;66;"6+";35000;"Once or twice a week";40,00340271;-75,248703;-1;29,0909090909091
"108";"R_1OU0Up06KN7uiVj";"Default Response Set";"Anonymous";NA;NA;"73.22.44.253";0;"8/3/2015 13:29";"8/3/2015 13:33";1;36420188;22;23;23;22;23;21;NA;NA;NA;NA;NA;NA;NA;NA;NA;NA;NA;NA;23;17;17;21;19;22;"Female";27;"White";0;1;0;0;0;0;1;0;1;0;1;1;1;145;65;"2-3";54000;"Once or twice a week";41,61630249;-87,83709717;-1;24,7100591715976
"109";"R_29j3Y3KarEMwZKg";"Default Response Set";"Anonymous";NA;NA;"128.112.110.11";0;"8/3/2015 14:13";"8/3/2015 14:17";1;48968923;NA;NA;NA;NA;NA;NA;21;22;19;23;23;23;21;23;23;22;21;22;NA;NA;NA;NA;NA;NA;"Female";31;"White";1;1;1;0;1;1;1;0;0;0;1;1;0;175;69;"2-3";70000;"Once or twice a week";40,37559509;-74,65969849;-1;26,4650283553875
"110";"R_3jdFkGb9mhc2Yac";"Default Response Set";"Anonymous";NA;NA;"192.55.55.39";0;"8/3/2015 17:06";"8/3/2015 17:10";1;56188412;17;17;17;17;17;23;NA;NA;NA;NA;NA;NA;NA;NA;NA;NA;NA;NA;22;17;18;17;18;17;"Male";27;"Other";1;1;0;0;1;0;0;1;1;0;1;1;1;143;71;"1";1e+05;"Several Times a week";45,58479309;-122,9116974;-1;20,4245189446538
"111";"R_1jO3cTXWenPzNFr";"Default Response Set";"Anonymous";NA;NA;"69.253.171.9";0;"8/3/2015 17:16";"8/3/2015 17:20";1;33636356;22;17;21;21;17;17;NA;NA;NA;NA;NA;NA;21;19;20;21;22;22;NA;NA;NA;NA;NA;NA;"Female";42;"White";1;0;1;0;0;0;1;0;1;0;1;1;0;140;64;"4-5";120000;"Less often than once a month";40,10299683;-74,9414978;-1;24,609375
"112";"R_3niWfeBANSSyacF";"Default Response Set";"Anonymous";NA;NA;"67.247.135.75";0;"8/3/2015 9:01";"8/3/2015 17:20";1;15932187;19;22;22;21;22;22;NA;NA;NA;NA;NA;NA;NA;NA;NA;NA;NA;NA;22;21;21;22;22;22;"Female";41;"White";0;1;0;0;1;1;0;0;0;0;1;1;0;125;64;"2-3";80000;"Once or twice a week";43,11540222;-77,55760193;-1;21,97265625
"113";"R_RKROO6g7jQcL64F";"Default Response Set";"Anonymous";NA;NA;"70.184.105.182";0;"8/3/2015 22:17";"8/3/2015 22:32";1;30405475;NA;NA;NA;NA;NA;NA;23;22;22;23;21;21;21;22;22;22;21;21;NA;NA;NA;NA;NA;NA;"Male";29;"White";1;1;0;0;1;0;1;0;1;1;0;0;0;230;73;"2-3";50000;"Several Times a week";33,49119568;-111,9236984;-1;31,0752486395196
"114";"R_5pRboLbNYQ5VTVf";"Default Response Set";"Anonymous";NA;NA;"69.204.44.253";0;"8/4/2015 17:17";"8/4/2015 17:20";1;18088340;23;22;23;18;17;22;NA;NA;NA;NA;NA;NA;NA;NA;NA;NA;NA;NA;18;18;21;21;17;17;"Female";14;"White";1;1;1;0;1;0;1;0;1;0;1;0;0;130;65;"4-5";NA;"Once or twice a week";42,97619629;-78,79470062;-1;22,1538461538462
"115";"R_xFWtSMS7fzKMnnj";"Default Response Set";"Anonymous";NA;NA;"69.114.22.118";0;"8/3/2015 10:20";"8/5/2015 18:32";1;34780557;NA;NA;NA;NA;NA;NA;NA;NA;NA;NA;NA;NA;NA;NA;NA;NA;NA;NA;NA;NA;NA;NA;NA;NA;NA;NA;NA;NA;NA;NA;NA;NA;NA;NA;NA;NA;NA;NA;NA;NA;NA;NA;NA;NA;NA;40,90499878;-73,80570221;-1;NA
"116";"R_2TF3foZ48UbiKwX";"Default Response Set";"Anonymous";NA;NA;"98.111.253.135";0;"8/6/2015 16:38";"8/6/2015 16:40";1;66502395;22;18;22;21;17;22;22;23;21;23;17;17;NA;NA;NA;NA;NA;NA;NA;NA;NA;NA;NA;NA;"Female";22;"Black or African American";0;0;0;1;1;1;1;0;1;1;1;1;1;140;67;"2-3";13000;"Once or twice a week";40,40510559;-80,03520203;-1;22,4548897304522
"117";"R_1FhbPRIaOpP0Ofz";"Default Response Set";"Anonymous";NA;NA;"50.74.102.180";0;"8/6/2015 16:39";"8/6/2015 16:40";1;37752313;NA;NA;NA;NA;NA;NA;20;20;17;21;21;23;NA;NA;NA;NA;NA;NA;18;17;19;19;23;19;"Female";26;"White";1;1;1;1;1;0;1;0;0;0;1;1;1;135;62;"4-5";15000;"Once or twice a week";40,74490356;-73,97820282;-1;25,2861602497399
"118";"R_VQmHqBHm0amDCbn";"Default Response Set";"Anonymous";NA;NA;"75.181.41.174";0;"8/6/2015 16:38";"8/6/2015 16:40";1;57736005;21;18;22;19;20;20;NA;NA;NA;NA;NA;NA;21;22;23;22;21;20;NA;NA;NA;NA;NA;NA;"Male";25;"White";0;1;0;1;1;0;1;0;1;0;1;0;0;175;71;"2-3";39000;"Once or twice a week";35,12319946;-80,93430328;-1;24,9950406665344
"119";"R_Bsq07CpLZnBx0Bz";"Default Response Set";"Anonymous";NA;NA;"132.178.160.153";0;"8/6/2015 16:40";"8/6/2015 16:41";1;5289412;NA;NA;NA;NA;NA;NA;NA;NA;NA;NA;NA;NA;21;20;19;21;22;20;21;21;20;22;20;22;"Male";30;"White";0;1;0;1;0;1;0;1;0;0;1;1;0;225;74;"2-3";55000;"Once or twice a month";43,4598999;-116,2440033;-1;29,5836376917458
"120";"R_21alxqqdyW6crKV";"Default Response Set";"Anonymous";NA;NA;"76.17.14.151";0;"8/6/2015 16:39";"8/6/2015 16:41";1;12030834;NA;NA;NA;NA;NA;NA;17;21;21;17;17;20;NA;NA;NA;NA;NA;NA;22;17;22;23;17;23;"Female";39;"White";1;1;1;0;1;0;1;1;0;0;1;1;0;155;63;"4-5";10000;"Once or twice a month";33,86019897;-84,76540375;-1;28,1179138321995
"121";"R_3F26hIwVgMuwLdl";"Default Response Set";"Anonymous";NA;NA;"172.73.117.234";0;"8/6/2015 16:39";"8/6/2015 16:41";1;12681265;21;17;20;19;21;22;NA;NA;NA;NA;NA;NA;21;19;21;21;20;22;NA;NA;NA;NA;NA;NA;"Male";36;"White";1;1;0;1;0;1;1;0;1;1;1;1;0;180;71;"2-3";38000;"Several Times a week";35,36250305;-81,57409668;-1;25,7091846855783
"122";"R_3Ejciq7q2qFTEiq";"Default Response Set";"Anonymous";NA;NA;"71.30.240.237";0;"8/6/2015 16:39";"8/6/2015 16:43";1;66909058;NA;NA;NA;NA;NA;NA;22;22;20;19;22;22;22;22;22;22;20;22;NA;NA;NA;NA;NA;NA;"Female";30;"White";0;0;0;0;0;1;0;0;1;1;0;0;0;140;63;"4-5";40000;"Once or twice a month";29,93969727;-82,70050049;-1;25,3968253968254
"123";"R_2R4HkXyBbegWrAo";"Default Response Set";"Anonymous";NA;NA;"192.111.74.84";0;"8/6/2015 16:41";"8/6/2015 16:43";1;86284299;18;18;17;18;18;18;NA;NA;NA;NA;NA;NA;18;17;18;17;18;18;NA;NA;NA;NA;NA;NA;"Female";51;"White";1;1;1;1;0;0;1;0;0;1;0;0;0;110;62;"1";30000;"Several Times a week";35,1289978;-85,38410187;-1;20,6035379812695
"124";"R_Z3vGkWSDyOHD7ZD";"Default Response Set";"Anonymous";NA;NA;"68.64.114.29";0;"8/6/2015 16:42";"8/6/2015 16:44";1;93763052;17;17;17;17;17;17;17;18;17;18;17;17;NA;NA;NA;NA;NA;NA;NA;NA;NA;NA;NA;NA;"Male";25;"White";0;1;1;0;1;1;1;0;1;0;1;1;0;180;65;"2-3";20000;"Never";37,33540344;-82,95659637;-1;30,6745562130178
"125";"R_Y3wQIJOo9BA1R2p";"Default Response Set";"Anonymous";NA;NA;"66.66.98.205";0;"8/6/2015 16:43";"8/6/2015 16:44";1;55678751;21;18;23;20;22;21;21;23;21;21;23;17;NA;NA;NA;NA;NA;NA;NA;NA;NA;NA;NA;NA;"Male";28;"White";0;0;0;0;0;1;0;1;0;0;0;1;0;140;66;"1";42000;"Several Times a week";43,21659851;-78,05840302;-1;23,1404958677686
"126";"R_2WPDaMRk9yzdYHB";"Default Response Set";"Anonymous";NA;NA;"72.223.8.116";0;"8/6/2015 16:42";"8/6/2015 16:44";1;94496828;19;17;21;22;18;18;NA;NA;NA;NA;NA;NA;18;21;19;19;20;21;NA;NA;NA;NA;NA;NA;"Female";25;"Hispanic or Latino";0;0;1;0;1;0;0;0;1;0;1;1;1;121;65;"6+";12000;"Several Times a week";33,248703;-111,6343002;-1;20,6201183431953
"127";"R_1isuO4G49SeIRbI";"Default Response Set";"Anonymous";NA;NA;"107.134.67.105";0;"8/6/2015 16:42";"8/6/2015 16:44";1;53603568;NA;NA;NA;NA;NA;NA;18;19;19;21;18;20;NA;NA;NA;NA;NA;NA;17;19;21;20;22;19;"Female";39;"White";0;0;1;0;1;0;1;0;1;0;1;0;0;136;66;"2-3";35000;"Several Times a week";34,08729553;-80,92939758;-1;22,4793388429752
"128";"R_1hRsjvGawc3wsmt";"Default Response Set";"Anonymous";NA;NA;"64.203.251.14";0;"8/6/2015 16:44";"8/6/2015 16:45";1;28836389;NA;NA;NA;NA;NA;NA;NA;NA;NA;NA;NA;NA;19;21;21;21;18;23;22;22;21;21;18;22;"Female";27;"White";1;1;1;1;1;1;1;1;1;0;1;1;0;125;62;"1";40000;"Several Times a week";32,43890381;-80,74659729;-1;23,4131113423517
"129";"R_3HtOa4y4Jtcy4bQ";"Default Response Set";"Anonymous";NA;NA;"76.236.14.160";0;"8/6/2015 16:44";"8/6/2015 16:45";1;57816922;NA;NA;NA;NA;NA;NA;NA;NA;NA;NA;NA;NA;19;20;20;19;22;21;21;22;22;21;19;21;"Male";36;"White";1;1;1;1;1;1;1;1;1;0;1;1;0;162;66;"1";1500;"Several Times a week";43,11880493;-85,49430084;-1;26,7768595041322
"130";"R_1FJ2wJp6YPQvBlN";"Default Response Set";"Anonymous";NA;NA;"76.79.199.130";0;"8/6/2015 16:44";"8/6/2015 16:46";1;86731256;21;17;22;20;17;23;23;22;18;21;17;19;NA;NA;NA;NA;NA;NA;NA;NA;NA;NA;NA;NA;"Male";30;"White";1;1;0;1;1;1;0;0;0;1;0;1;1;200;76;"1";50000;"Several Times a week";34,16830444;-118,3730011;-1;24,9307479224377
"131";"R_1kYLLrEVk8VQrhI";"Default Response Set";"Anonymous";NA;NA;"96.35.41.19";0;"8/6/2015 16:45";"8/6/2015 16:46";1;91746059;NA;NA;NA;NA;NA;NA;23;23;23;23;21;21;NA;NA;NA;NA;NA;NA;23;23;23;23;20;23;"Male";28;"White";1;1;1;0;0;1;1;0;0;0;1;1;0;135;65;"4-5";12000;"Once or twice a month";38,6499939;-90,53340149;-1;23,0059171597633
"132";"R_3PNXzbUddA1TVoI";"Default Response Set";"Anonymous";NA;NA;"107.47.131.130";0;"8/6/2015 16:43";"8/6/2015 16:47";1;43581490;NA;NA;NA;NA;NA;NA;NA;NA;NA;NA;NA;NA;20;20;21;21;22;21;22;20;22;18;20;20;"Female";28;"White";1;1;1;0;0;0;0;0;1;1;0;0;0;123;63;"2-3";20000;"Several Times a week";40,76170349;-82,51260376;-1;22,312925170068
"133";"R_2bJ0vFIzBXmWPxO";"Default Response Set";"Anonymous";NA;NA;"72.76.49.177";0;"8/6/2015 16:46";"8/6/2015 16:48";1;50523051;NA;NA;NA;NA;NA;NA;NA;NA;NA;NA;NA;NA;17;22;17;17;17;17;18;22;22;19;17;20;"Female";53;"White";0;0;0;0;1;0;1;0;1;0;1;0;1;160;68;"2-3";4000;"Less often than once a month";40,77119446;-74,20680237;-1;24,9134948096886
"134";"R_1geltJxDR5vSBZG";"Default Response Set";"Anonymous";NA;NA;"71.75.34.150";0;"8/6/2015 16:47";"8/6/2015 16:48";1;8010776;NA;NA;NA;NA;NA;NA;17;22;18;17;21;21;NA;NA;NA;NA;NA;NA;22;19;23;23;17;22;"Male";45;"White";0;1;0;1;1;1;1;1;0;0;1;1;0;270;74;"1";50000;"Several Times a week";35,46470642;-81,57620239;-1;35,500365230095
"135";"R_3itktNSXUh9TyNB";"Default Response Set";"Anonymous";NA;NA;"76.8.161.255";0;"8/6/2015 16:48";"8/6/2015 16:49";1;74754834;NA;NA;NA;NA;NA;NA;NA;NA;NA;NA;NA;NA;19;21;17;17;19;19;21;21;19;23;19;21;"Female";29;"White";0;0;1;0;0;0;1;0;0;0;1;1;0;150;63;"4-5";2000;"Several Times a week";37,54849243;-82,20050049;-1;27,2108843537415
"136";"R_10uYJEXq1fmcVJS";"Default Response Set";"Anonymous";NA;NA;"75.64.199.3";0;"8/6/2015 16:48";"8/6/2015 16:50";1;36617709;NA;NA;NA;NA;NA;NA;21;20;20;21;20;18;NA;NA;NA;NA;NA;NA;21;20;22;20;21;21;"Female";40;"White";0;1;0;0;1;1;0;1;0;0;1;1;0;112;65;"2-3";15000;"Several Times a week";32,28829956;-88,58799744;-1;19,0863905325444
"137";"R_1IRVKJDgsLHnnJe";"Default Response Set";"Anonymous";NA;NA;"99.64.52.122";0;"8/6/2015 16:46";"8/6/2015 16:50";1;82248687;NA;NA;NA;NA;NA;NA;23;22;NA;23;21;NA;NA;NA;NA;NA;NA;NA;22;22;NA;22;21;21;"Female";59;"White";0;0;0;0;1;0;1;0;1;0;1;1;1;118;64;"1";30000;"Less often than once a month";33,61410522;-101,9573975;-1;20,7421875
"138";"R_2WUoAEBghBmfC1H";"Default Response Set";"Anonymous";NA;NA;"50.186.76.160";0;"8/6/2015 16:48";"8/6/2015 16:50";1;52541285;NA;NA;NA;NA;NA;NA;NA;NA;NA;NA;NA;NA;17;23;17;17;17;17;17;17;17;23;17;23;"Male";24;"White";0;0;0;0;1;0;1;0;1;1;0;0;1;180;67;"1";20000;"Once or twice a week";40,47740173;-112,0082016;-1;28,8705725105814
"139";"R_27ai8HIqqIlaJS3";"Default Response Set";"Anonymous";NA;NA;"76.26.175.59";0;"8/6/2015 16:49";"8/6/2015 16:50";1;16020156;NA;NA;NA;NA;NA;NA;19;23;18;22;19;18;17;22;21;19;22;21;NA;NA;NA;NA;NA;NA;"Female";44;"White";1;1;1;1;0;1;0;1;0;0;1;1;0;148;67;"2-3";65600;"Several Times a week";27,51150513;-80,36250305;-1;23,7380262864781
"140";"R_3lE8kbwPPkeMsW6";"Default Response Set";"Anonymous";NA;NA;"66.75.42.96";0;"8/6/2015 16:48";"8/6/2015 16:50";1;883577;22;18;22;20;21;22;NA;NA;NA;NA;NA;NA;21;21;22;22;20;22;NA;NA;NA;NA;NA;NA;"Female";40;"Asian/Pacific Islander";0;1;1;0;1;0;1;0;1;1;1;1;1;107;62;"4-5";40000;"Less often than once a month";32,88969421;-117,1335983;-1;20,0416233090531
"141";"R_25SYEWpObIdD1VF";"Default Response Set";"Anonymous";NA;NA;"14.99.171.83";0;"8/6/2015 16:48";"8/6/2015 16:51";1;62876949;NA;NA;NA;NA;NA;NA;NA;NA;NA;NA;NA;NA;19;21;19;18;19;21;19;22;21;18;21;19;"Male";33;"Asian/Pacific Islander";1;1;1;1;1;1;0;1;0;0;1;1;0;160;70;"1";39000;"Once or twice a week";20;77;-1;23,5102040816327
"142";"R_TiTSw8Vvx2pMnhT";"Default Response Set";"Anonymous";NA;NA;"71.31.195.114";0;"8/6/2015 16:49";"8/6/2015 16:51";1;4848381;22;17;22;20;21;17;NA;NA;NA;NA;NA;NA;NA;NA;NA;NA;NA;NA;21;21;22;23;17;21;"Male";22;"White";1;1;1;0;1;0;1;0;1;1;1;0;0;340;70;"2-3";22000;"Several Times a week";42,10450745;-79,2519989;-1;49,9591836734694
"143";"R_1IrXUdu0e5NzWSV";"Default Response Set";"Anonymous";NA;NA;"96.32.29.178";0;"8/6/2015 16:50";"8/6/2015 16:52";1;38862637;18;18;22;18;18;18;18;18;22;21;18;18;NA;NA;NA;NA;NA;NA;NA;NA;NA;NA;NA;NA;"Female";25;"White";1;1;0;0;1;0;1;0;1;0;1;0;1;130;64;"2-3";60000;"Once or twice a month";41,9691925;-72,01470184;-1;22,8515625
"144";"R_ctMsdH9LTq6eRiR";"Default Response Set";"Anonymous";NA;NA;"64.251.50.211";0;"8/6/2015 16:52";"8/6/2015 16:53";1;90287878;NA;NA;NA;NA;NA;NA;23;23;20;22;22;23;NA;23;21;21;22;21;NA;NA;NA;NA;NA;NA;"Male";30;"White";1;1;1;1;NA;1;1;1;0;1;0;1;0;220;70;"2-3";80000;"Several Times a week";41,50590515;-72,90809631;-1;32,3265306122449
"145";"R_3LbwR1TNElRpoJS";"Default Response Set";"Anonymous";NA;NA;"98.211.182.80";0;"8/6/2015 16:51";"8/6/2015 16:55";1;34182335;17;18;20;17;20;19;NA;NA;NA;NA;NA;NA;NA;NA;NA;NA;NA;NA;18;17;18;18;17;17;"Female";55;"Black or African American";0;0;0;0;1;0;1;0;1;0;1;1;1;184;68;"2-3";30000;"Several Times a week";26,10009766;-80,27230072;-1;28,6505190311419
"146";"R_3dFKrNMCaKFeIDI";"Default Response Set";"Anonymous";NA;NA;"184.207.2.34";0;"8/6/2015 16:53";"8/6/2015 16:56";1;59761979;NA;NA;NA;NA;NA;NA;23;23;21;21;22;22;22;22;22;23;22;22;NA;NA;NA;NA;NA;NA;"Female";32;"Hispanic or Latino";0;0;0;0;1;0;1;0;1;0;0;0;0;110;61;"4-5";60000;"Several Times a week";40,72799683;-73,94529724;-1;21,2846009137329
"147";"R_3hrpIKUwkv4agOJ";"Default Response Set";"Anonymous";NA;NA;"92.238.38.24";0;"8/6/2015 16:57";"8/6/2015 16:58";1;13792001;22;17;21;19;18;19;NA;NA;NA;NA;NA;NA;18;22;22;21;17;18;NA;NA;NA;NA;NA;NA;"Male";30;"White";0;1;1;0;1;1;0;1;1;0;1;1;0;190;73;"2-3";20000;"Once or twice a week";53,43330383;-1,350006104;-1;25,6708575717771
"148";"R_yx1R1Tc5Ep32HBv";"Default Response Set";"Anonymous";NA;NA;"65.25.78.123";0;"8/6/2015 17:00";"8/6/2015 17:01";1;31726383;NA;NA;NA;NA;NA;NA;17;17;17;17;17;17;NA;NA;NA;NA;NA;NA;17;17;17;17;17;17;"Male";38;"White";1;1;1;1;0;1;0;1;0;0;1;1;0;145;65;"2-3";23000;"Once or twice a week";40,8986969;-81,3239975;-1;24,7100591715976
"149";"R_3nSCv5z3TsmbhRX";"Default Response Set";"Anonymous";NA;NA;"199.245.199.126";0;"8/6/2015 16:58";"8/6/2015 17:01";1;19931188;NA;NA;NA;NA;NA;NA;21;20;19;19;18;20;NA;NA;NA;NA;NA;NA;20;20;22;19;20;22;"Female";38;"White";0;1;1;0;0;0;1;0;1;0;1;1;1;195;69;"2-3";29000;"Less often than once a month";39,03930664;-95,20870209;-1;29,4896030245747
"150";"R_330ZgeuvMMEDg65";"Default Response Set";"Anonymous";NA;NA;"164.113.217.51";0;"8/6/2015 17:00";"8/6/2015 17:02";1;95897362;21;23;22;21;23;21;NA;NA;NA;NA;NA;NA;NA;NA;NA;NA;NA;NA;19;22;21;20;21;21;"Male";34;"White";0;1;0;0;1;1;1;0;1;0;0;1;0;250;72;"2-3";46000;"Once or twice a month";39,03930664;-95,20870209;-1;34,7222222222222
"151";"R_3RaB3IVK2Dm1gt9";"Default Response Set";"Anonymous";NA;NA;"173.71.142.207";0;"8/6/2015 17:02";"8/6/2015 17:04";1;2703838;17;20;21;21;22;17;NA;NA;NA;NA;NA;NA;17;20;22;22;19;20;NA;NA;NA;NA;NA;NA;"Female";44;"White";0;1;1;1;0;1;1;0;1;0;1;1;0;220;66;"4-5";1300;"Less often than once a month";37,15260315;-76,54599762;-1;36,3636363636364
"152";"R_3GqZkpXHjrYmq8E";"Default Response Set";"Anonymous";NA;NA;"98.212.172.203";0;"8/6/2015 17:03";"8/6/2015 17:05";1;3882442;21;21;21;21;21;21;NA;NA;NA;NA;NA;NA;NA;NA;NA;NA;NA;NA;21;21;22;21;21;21;"Female";26;"White";0;0;0;0;1;0;1;0;1;0;0;0;1;159;61;"2-3";18000;"Several Times a week";41,55949402;-85,85420227;-1;30,7659231389411
"153";"R_1K73BLex2zFMpbS";"Default Response Set";"Anonymous";NA;NA;"108.193.223.1";0;"8/6/2015 17:04";"8/6/2015 17:06";1;46466136;NA;NA;NA;NA;NA;NA;NA;NA;NA;NA;NA;NA;18;20;20;18;20;20;20;20;20;20;18;22;"Male";25;"Asian/Pacific Islander";1;1;1;0;1;0;1;0;1;0;1;0;0;300;69;"1";9000;"Never";34,07609558;-118,1441956;-1;45,3686200378072
"154";"R_BJsCQSyM5aPu1oJ";"Default Response Set";"Anonymous";NA;NA;"66.69.60.169";0;"8/6/2015 17:03";"8/6/2015 17:06";1;35775728;18;18;21;22;18;22;17;20;21;23;18;17;NA;NA;NA;NA;NA;NA;NA;NA;NA;NA;NA;NA;"Male";34;"Hispanic or Latino";1;1;1;1;1;0;1;0;1;1;1;0;0;300;77;"6+";20000;"Less often than once a month";29,39619446;-98,46099854;-1;36,4311013661663
"155";"R_scnQkEDVZQWlYl3";"Default Response Set";"Anonymous";NA;NA;"75.162.127.207";0;"8/6/2015 17:07";"8/6/2015 17:10";1;41065995;18;21;23;22;21;23;NA;NA;NA;NA;NA;NA;22;23;22;18;22;23;NA;NA;NA;NA;NA;NA;"Female";42;"White";0;1;0;0;1;0;0;0;1;0;0;1;1;108;69;"4-5";69000;"Several Times a week";40,65759277;-111,8840027;-1;16,3327032136106
"156";"R_UFn42oBYw8MZtUB";"Default Response Set";"Anonymous";NA;NA;"75.142.137.145";0;"8/6/2015 17:10";"8/6/2015 17:13";1;44054553;18;21;22;19;23;22;22;21;18;22;23;18;NA;NA;NA;NA;NA;NA;NA;NA;NA;NA;NA;NA;"Male";45;"White";0;1;1;1;0;1;0;1;0;0;1;1;0;200;70;"1";26000;"Once or twice a week";42,18510437;-121,6141052;-1;29,3877551020408
"157";"R_1GQsALgfkEFFnxs";"Default Response Set";"Anonymous";NA;NA;"75.118.14.22";0;"8/6/2015 17:16";"8/6/2015 17:17";1;96575715;19;18;22;22;18;21;NA;NA;NA;NA;NA;NA;18;18;22;17;21;20;NA;NA;NA;NA;NA;NA;"Female";35;"White";0;0;1;0;0;1;0;1;0;0;1;1;0;170;69;NA;50000;"Several Times a week";40,08529663;-82,97519684;-1;25,7088846880907
"158";"R_1MKCvRdUfDyza0u";"Default Response Set";"Anonymous";NA;NA;"98.240.157.255";0;"8/6/2015 17:25";"8/6/2015 17:28";1;46685708;21;17;17;17;21;17;NA;NA;NA;NA;NA;NA;21;17;17;21;17;18;NA;NA;NA;NA;NA;NA;"Female";62;"White";1;1;1;0;1;0;1;0;1;0;0;1;0;190;69;"4-5";30000;"Never";45,01019287;-93,34279633;-1;28,7334593572779
"159";"R_3Krvuo7OIfpLJB2";"Default Response Set";"Anonymous";NA;NA;"184.53.50.8";0;"8/6/2015 18:27";"8/6/2015 18:29";1;16231111;NA;NA;NA;NA;NA;NA;21;20;19;19;20;22;19;19;21;21;19;22;NA;NA;NA;NA;NA;NA;"Female";25;"White";1;1;0;1;0;1;0;1;0;0;1;1;0;150;64;"2-3";20000;"Once or twice a week";38;-97;-1;26,3671875
"160";"R_s5oA2e3vjR7eIsF";"Default Response Set";"Anonymous";NA;NA;"24.89.152.74";0;"8/6/2015 18:28";"8/6/2015 18:31";1;61084464;22;20;20;21;22;22;22;21;19;20;21;22;NA;NA;NA;NA;NA;NA;NA;NA;NA;NA;NA;NA;"Male";26;"White";1;1;1;1;0;0;0;0;0;1;1;1;0;200;74;"2-3";25000;"Less often than once a month";40,87319946;-73,08119965;-1;26,2965668371074
"161";"R_25Ymd565cF0yZ7n";"Default Response Set";"Anonymous";NA;NA;"174.22.114.5";0;"8/6/2015 18:29";"8/6/2015 18:31";1;57941422;NA;NA;NA;NA;NA;NA;21;23;22;23;21;17;17;18;21;18;22;22;NA;NA;NA;NA;NA;NA;"Male";30;"White";0;0;0;0;1;1;1;0;0;1;0;0;0;140;68;"2-3";80000;"Several Times a week";41,57780457;-90,5318985;-1;21,7993079584775
"162";"R_1dbqtxvYfye3Pqx";"Default Response Set";"Anonymous";NA;NA;"104.53.225.13";0;"8/6/2015 18:30";"8/6/2015 18:33";1;7588617;17;17;21;17;17;17;NA;NA;NA;NA;NA;NA;17;21;17;17;17;19;NA;NA;NA;NA;NA;NA;"Male";48;"White";0;0;0;0;1;0;1;0;1;0;0;0;1;180;69;"2-3";33000;"Less often than once a month";36,34790039;-86,60050201;-1;27,2211720226843
"163";"R_2ZZISOLrJwdMhAh";"Default Response Set";"Anonymous";NA;NA;"99.101.100.181";0;"8/6/2015 18:31";"8/6/2015 18:33";1;23340793;NA;NA;NA;NA;NA;NA;NA;NA;NA;NA;NA;NA;19;20;18;20;19;19;20;18;21;18;17;19;"Male";27;"White";1;1;1;1;0;1;0;1;0;0;1;1;0;164;71;"2-3";48000;"Once or twice a month";35,03869629;-89,92759705;-1;23,423923824638
"164";"R_3qP6V50IMwdsNUA";"Default Response Set";"Anonymous";NA;NA;"72.22.126.30";0;"8/6/2015 18:31";"8/6/2015 18:33";1;46954523;NA;NA;NA;NA;NA;NA;20;22;21;20;17;18;20;22;21;23;20;22;NA;NA;NA;NA;NA;NA;"Female";31;"White";1;0;0;0;1;0;1;0;1;1;1;0;1;300;66;"2-3";50000;"Once or twice a week";36,78469849;-86,2118988;-1;49,5867768595041
"165";"R_2q4wAE9SOei5caA";"Default Response Set";"Anonymous";NA;NA;"54.174.77.195";0;"8/6/2015 18:31";"8/6/2015 18:36";1;36083680;NA;NA;NA;NA;NA;NA;NA;NA;NA;NA;NA;NA;21;22;22;21;21;20;22;21;20;22;21;21;"Male";28;"Asian/Pacific Islander";0;1;0;0;1;0;1;1;1;0;1;1;1;185;65;"2-3";90000;"Several Times a week";39,04370117;-77,48750305;-1;31,5266272189349
"166";"R_07I0DfbOZewV225";"Default Response Set";"Anonymous";NA;NA;"76.127.229.138";0;"8/6/2015 18:37";"8/6/2015 18:38";1;29957702;NA;NA;NA;NA;NA;NA;22;17;17;17;22;19;17;22;22;21;19;19;NA;NA;NA;NA;NA;NA;"Female";36;"White";0;1;0;1;1;0;0;1;1;1;1;1;1;120;60;"1";30000;"Several Times a week";42,22380066;-72,64089966;-1;24
"167";"R_9EOzaUrMIxsgEuZ";"Default Response Set";"Anonymous";NA;NA;"99.22.184.17";0;"8/6/2015 18:37";"8/6/2015 18:39";1;13477251;19;17;19;21;17;17;17;21;19;22;17;22;NA;NA;NA;NA;NA;NA;NA;NA;NA;NA;NA;NA;"Male";45;"White";1;1;1;1;1;1;1;0;1;0;1;1;0;185;71;"1";45000;"Once or twice a week";42,50959778;-82,93609619;-1;26,4233287046221
"168";"R_OPc657uA5CNxdzb";"Default Response Set";"Anonymous";NA;NA;"174.58.15.129";0;"8/6/2015 18:40";"8/6/2015 18:42";1;8177844;NA;NA;NA;NA;NA;NA;21;19;21;21;21;23;NA;NA;NA;NA;NA;NA;20;21;22;18;20;22;"Female";61;"White";1;1;1;0;0;1;1;0;0;0;0;1;0;98;63;"4-5";90000;"Once or twice a month";27,32550049;-82,4733963;-1;17,7777777777778
"169";"R_2y7M9tg35X5aCwY";"Default Response Set";"Anonymous";NA;NA;"172.2.142.120";0;"8/6/2015 18:42";"8/6/2015 18:43";1;91320924;NA;NA;NA;NA;NA;NA;NA;NA;NA;NA;NA;NA;23;21;22;22;23;22;22;22;21;20;21;20;"Female";33;"White";0;1;0;0;1;0;0;1;0;0;0;0;0;170;65;"2-3";120000;"Several Times a week";32,77729797;-117,1007996;-1;28,9704142011834
"170";"R_124OpSREb0pbvtU";"Default Response Set";"Anonymous";NA;NA;"76.177.192.54";0;"8/6/2015 18:41";"8/6/2015 18:43";1;29501383;17;17;22;22;17;22;NA;NA;NA;NA;NA;NA;NA;NA;NA;NA;NA;NA;21;17;21;20;17;22;"Female";28;"White";1;1;1;1;1;0;1;1;1;0;1;1;0;120;63;"2-3";50000;"Several Times a week";37,645401;-84,81710052;-1;21,7687074829932
"171";"R_w044p9OCbglRMpb";"Default Response Set";"Anonymous";NA;NA;"63.149.18.28";0;"8/6/2015 18:47";"8/6/2015 18:49";1;43031718;22;21;22;21;23;22;NA;NA;NA;NA;NA;NA;22;22;21;21;21;20;NA;NA;NA;NA;NA;NA;"Male";33;"White";0;1;1;1;0;0;0;1;0;0;0;1;0;130;68;"1";12000;"Several Times a week";36,63549805;-88,28299713;-1;20,242214532872
"172";"R_50Sx8kFfdiDT8Zz";"Default Response Set";"Anonymous";NA;NA;"24.255.7.230";0;"8/6/2015 18:47";"8/6/2015 18:49";1;55353393;NA;NA;NA;NA;NA;NA;19;18;19;18;19;21;NA;NA;NA;NA;NA;NA;21;19;21;18;18;21;"Male";24;"White";1;1;1;1;1;1;1;1;0;1;1;1;0;170;72;"1";19000;"Once or twice a week";33,40010071;-111,9290009;-1;23,6111111111111
"173";"R_dj7RqzXTS9dZukF";"Default Response Set";"Anonymous";NA;NA;"63.79.0.25";0;"8/6/2015 19:07";"8/6/2015 19:09";1;12225633;19;17;17;18;17;22;NA;NA;NA;NA;NA;NA;NA;NA;NA;NA;NA;NA;22;18;22;21;18;19;"Male";35;"White";0;1;1;0;1;0;1;1;0;0;1;1;0;152;66;"1";35000;"Once or twice a week";37,6875;-97,33799744;-1;25,1239669421488
"174";"R_b3E9oyr9rhv16lb";"Default Response Set";"Anonymous";NA;NA;"54.148.44.119";0;"8/6/2015 19:27";"8/6/2015 19:28";1;93740005;NA;NA;NA;NA;NA;NA;NA;NA;NA;NA;NA;NA;21;23;22;20;22;21;21;20;21;22;21;19;"Male";28;"White";0;1;0;1;1;1;1;1;1;0;1;0;0;200;72;"1";40000;"Several Times a week";45,83990479;-119,7005997;-1;27,7777777777778
"175";"R_9yr0UoTMq1c2Wyd";"Default Response Set";"Anonymous";NA;NA;"97.95.64.36";0;"8/6/2015 19:35";"8/6/2015 19:37";1;87241719;NA;NA;NA;NA;NA;NA;21;18;21;17;17;22;22;19;17;22;22;22;NA;NA;NA;NA;NA;NA;"Female";29;"Other";1;1;1;1;1;0;0;1;0;0;1;0;0;170;59;"4-5";10000;"Several Times a week";45,75660706;-87,15709686;-1;35,1623096811261
"176";"R_2CNi4wvIHlav4eb";"Default Response Set";"Anonymous";NA;NA;"69.124.9.157";0;"8/6/2015 19:58";"8/6/2015 20:00";1;13823355;NA;NA;NA;NA;NA;NA;NA;NA;NA;NA;NA;NA;21;23;21;19;19;21;22;20;23;21;18;20;"Male";33;"White";0;0;0;0;1;0;1;0;1;1;0;0;1;175;74;"1";35000;"Several Times a week";40,84080505;-73,03949738;-1;23,009495982469
"177";"R_eyOk0kCIr8SF2ql";"Default Response Set";"Anonymous";NA;NA;"142.197.72.156";0;"8/6/2015 20:25";"8/6/2015 20:27";1;36543682;NA;NA;NA;NA;NA;NA;22;23;17;18;21;22;NA;NA;NA;NA;NA;NA;23;17;20;22;23;17;"Female";39;"White";0;0;0;0;1;0;0;0;1;0;0;1;1;130;67;"2-3";35000;"Several Times a week";28,25190735;-80,66069794;-1;20,8509690354199
"178";"R_31ErEAtfEgKJUG1";"Default Response Set";"Anonymous";NA;NA;"76.106.253.130";0;"8/6/2015 20:34";"8/6/2015 20:35";1;38049619;20;17;23;23;17;23;22;22;23;22;17;18;NA;NA;NA;NA;NA;NA;NA;NA;NA;NA;NA;NA;"Female";26;"White";1;1;1;0;0;1;0;1;0;0;1;1;0;159;64;"2-3";5000;"Once or twice a week";30,16720581;-81,77149963;-1;27,94921875
"179";"R_5oKJJhS8clSXHrz";"Default Response Set";"Anonymous";NA;NA;"50.105.132.46";0;"8/6/2015 20:34";"8/6/2015 20:36";1;70612723;NA;NA;NA;NA;NA;NA;NA;NA;NA;NA;NA;NA;22;22;20;22;22;20;20;20;22;18;20;22;"Female";57;"White";1;0;0;0;1;0;1;0;1;1;0;0;0;165;66;"2-3";30000;"Several Times a week";43,76849365;-88,01609802;-1;27,2727272727273
